<keymap version="1" name="Shreker" parent="$default">
  <action id="Arrangement.Alias.Rule.Match.Condition.Move.Down" />
  <action id="Arrangement.Rule.Group.Condition.Move.Down" />
  <action id="Arrangement.Rule.Group.Condition.Move.Up" />
  <action id="Arrangement.Rule.Match.Condition.Move.Down" />
  <action id="Arrangement.Rule.Match.Condition.Move.Up" />
  <action id="Back">
    <keyboard-shortcut first-keystroke="alt left" />
  </action>
  <action id="CloseAllEditors">
    <keyboard-shortcut first-keystroke="shift ctrl w" />
  </action>
  <action id="CloseAllEditorsButActive">
    <keyboard-shortcut first-keystroke="ctrl alt w" />
  </action>
  <action id="CloseContent">
    <keyboard-shortcut first-keystroke="ctrl w" />
  </action>
  <action id="Code.Review.Editor.New.Comment" />
  <action id="CollapseAllRegions">
    <keyboard-shortcut first-keystroke="shift ctrl open_bracket" />
  </action>
  <action id="CollapseRegion">
    <keyboard-shortcut first-keystroke="alt open_bracket" />
  </action>
  <action id="CollapseRegionRecursively" />
  <action id="CompareClipboardWithSelection">
    <keyboard-shortcut first-keystroke="ctrl alt d" />
  </action>
  <action id="Console.TableResult.SetDefault" />
  <action id="CopyElement" />
  <action id="EditorCodeBlockEndWithSelection" />
  <action id="EditorCodeBlockStartWithSelection" />
  <action id="EditorDeleteLine">
    <keyboard-shortcut first-keystroke="ctrl d" />
  </action>
  <action id="EditorDuplicate">
    <keyboard-shortcut first-keystroke="ctrl alt down" />
  </action>
  <action id="EditorDuplicateLines">
    <keyboard-shortcut first-keystroke="ctrl alt down" />
  </action>
  <action id="EditorJoinLines">
    <keyboard-shortcut first-keystroke="ctrl j" />
  </action>
  <action id="EditorToggleCase">
    <keyboard-shortcut first-keystroke="shift ctrl x" />
  </action>
  <action id="EditorToggleShowGutterIcons">
    <keyboard-shortcut first-keystroke="shift ctrl g" />
  </action>
  <action id="EditorToggleUseSoftWraps">
    <keyboard-shortcut first-keystroke="alt w" />
  </action>
  <action id="ExpandAllRegions">
    <keyboard-shortcut first-keystroke="shift ctrl close_bracket" />
  </action>
  <action id="ExpandRegion">
    <keyboard-shortcut first-keystroke="alt close_bracket" />
  </action>
  <action id="ExpandRegionRecursively" />
  <action id="ExternalSystem.ProjectRefreshAction" />
  <action id="FileStructurePopup">
    <keyboard-shortcut first-keystroke="ctrl o" />
  </action>
  <action id="FindInPath">
    <keyboard-shortcut first-keystroke="ctrl h" />
  </action>
  <action id="FindSelectionInPath">
    <keyboard-shortcut first-keystroke="ctrl h" />
  </action>
  <action id="ForceOthersToFollowAction" />
  <action id="Forward">
    <keyboard-shortcut first-keystroke="alt right" />
  </action>
  <action id="Generate">
    <keyboard-shortcut first-keystroke="alt insert" />
    <keyboard-shortcut first-keystroke="alt comma" />
  </action>
  <action id="GotoSuperMethod" />
  <action id="Graph.RouteEdges" />
  <action id="InsertLiveTemplate" />
  <action id="MethodDown" />
  <action id="MethodUp" />
  <action id="MoveStatementDown">
    <keyboard-shortcut first-keystroke="alt down" />
  </action>
  <action id="MoveStatementUp">
    <keyboard-shortcut first-keystroke="alt up" />
  </action>
  <action id="NextInlineCompletionSuggestionAction" />
  <action id="NextTab" />
  <action id="OptimizeImports">
    <keyboard-shortcut first-keystroke="shift ctrl o" />
  </action>
  <action id="OverrideMethods" />
  <action id="PrevInlineCompletionSuggestionAction" />
  <action id="PreviousTab" />
  <action id="Profiler.RevealSnapshotAction">
    <keyboard-shortcut first-keystroke="alt e" />
  </action>
  <action id="ReformatCode">
    <keyboard-shortcut first-keystroke="shift ctrl f" />
  </action>
  <action id="RenameElement">
    <keyboard-shortcut first-keystroke="shift alt r" />
  </action>
  <action id="RenameFile">
    <keyboard-shortcut first-keystroke="shift alt r" />
  </action>
  <action id="Replace">
    <keyboard-shortcut first-keystroke="alt f" />
  </action>
  <action id="ReplaceInPath">
    <keyboard-shortcut first-keystroke="alt h" />
  </action>
  <action id="RerunTests" />
  <action id="RevealIn">
    <keyboard-shortcut first-keystroke="alt e" />
  </action>
  <action id="SearchEverywhere">
    <keyboard-shortcut first-keystroke="ctrl u" />
  </action>
  <action id="ShowContent" />
  <action id="ShowReformatFileDialog">
    <keyboard-shortcut first-keystroke="shift ctrl f" />
  </action>
  <action id="ShowSearchHistory" />
  <action id="SurroundWith">
    <keyboard-shortcut first-keystroke="ctrl alt t" />
    <keyboard-shortcut first-keystroke="alt semicolon" />
  </action>
  <action id="Synchronize">
    <keyboard-shortcut first-keystroke="alt f5" />
  </action>
  <action id="SynchronizeCurrentFile">
    <keyboard-shortcut first-keystroke="f5" />
  </action>
  <action id="UsageGrouping.DirectoryStructure" />
  <action id="UsageGrouping.FileStructure">
    <keyboard-shortcut first-keystroke="ctrl o" />
  </action>
  <action id="UsageView.ShowRecentFindUsages" />
  <action id="org.intellij.plugins.markdown.ui.actions.styling.InsertImageAction" />
</keymap>