<application>
  <component name="Trusted.Paths">
    <option name="TRUSTED_PROJECT_PATHS">
      <map>
        <entry key="D:\QLRepo\QLPython\QLPythonCodes" value="true" />
        <entry key="D:\QLRepo\QLTools\PyToolKit" value="true" />
        <entry key="D:\Repos\QLPython\QLPythonCodes" value="true" />
        <entry key="D:\Repos\QLTools\PyToolKit" value="true" />
        <entry key="D:\ZTemp\TmpRepo\QLConfig" value="true" />
      </map>
    </option>
  </component>
  <component name="Trusted.Paths.Settings">
    <option name="TRUSTED_PATHS">
      <list>
        <option value="D:\QLRepo\QLTools" />
        <option value="D:\QLRepo\QLPython" />
      </list>
    </option>
  </component>
</application>