<application>
  <component name="DimensionService">
    <location key="find.popup.0.0.1920.1080" x="394" y="213" />
    <location key="REMOTE_DEVELOPMENT_CONNECTION.0.0.1920.1080" x="552" y="174" />
    <size key="GridCell.Tab.0.left.0.0.1920.1080" width="1854" height="261" />
    <size key="GridCell.Tab.0.center.0.0.1920.1080" width="1854" height="261" />
    <size key="GridCell.Tab.0.right.0.0.1920.1080" width="1854" height="261" />
    <size key="GridCell.Tab.0.bottom.0.0.1920.1080" width="1854" height="261" />
    <size key="find.popup.0.0.1920.1080" width="1044" height="696" />
    <size key="GridCell.Tab.1.left.0.0.1920.1080" width="1854" height="261" />
    <size key="GridCell.Tab.1.center.0.0.1920.1080" width="1854" height="261" />
    <size key="GridCell.Tab.1.right.0.0.1920.1080" width="1854" height="261" />
    <size key="GridCell.Tab.1.bottom.0.0.1920.1080" width="1854" height="261" />
    <size key="REMOTE_DEVELOPMENT_CONNECTION.0.0.1920.1080" width="816" height="691" />
  </component>
  <component name="WindowManager">
    <frame x="-8" y="-8" width="1936" height="1056" extendedState="6" />
  </component>
  <component name="WindowStateApplicationService">
    <state x="740" y="24" width="440" height="684" key="FileChooserDialogImpl" timestamp="1762783931042">
      <screen x="0" y="0" width="1920" height="1040" />
    </state>
    <state x="740" y="24" width="440" height="684" key="FileChooserDialogImpl/0.0.1920.1040" timestamp="1762783931042" />
    <state width="608" height="120" key="ShowUsagesActions.dimensionServiceKey" timestamp="1764426630237">
      <screen x="0" y="0" width="1920" height="1040" />
    </state>
    <state width="608" height="120" key="ShowUsagesActions.dimensionServiceKey/0.0.1920.1040" timestamp="1764426630237" />
  </component>
</application>