<application>
  <component name="GeneralSettings">
    <option name="showTipsOnStartup" value="false" />
    <option name="reopenLastProject" value="false" />
    <option name="confirmOpenNewProject2" value="0" />
  </component>
  <component name="Registry">
    <entry key="ide.browser.jcef.out-of-process.enabled" value="false" />
  </component>
  <component name="StatusBar">
    <option name="widgets">
      <map>
        <entry key="Memory" value="true" />
      </map>
    </option>
  </component>
</application>