<keymap version="1" name="Idea-Shreker" parent="Eclipse">
  <action id="Annotate">
    <keyboard-shortcut first-keystroke="shift ctrl a" />
  </action>
  <action id="ChangeSignature" />
  <action id="ClassTemplateNavigation" />
  <action id="CloseActiveTab" />
  <action id="CloseAllEditors">
    <keyboard-shortcut first-keystroke="shift ctrl w" />
  </action>
  <action id="CloseAllEditorsButActive">
    <keyboard-shortcut first-keystroke="ctrl alt w" />
  </action>
  <action id="CloseContent">
    <keyboard-shortcut first-keystroke="ctrl w" />
  </action>
  <action id="CodeCompletion">
    <keyboard-shortcut first-keystroke="alt slash" />
  </action>
  <action id="CollapseAllRegions">
    <keyboard-shortcut first-keystroke="ctrl alt close_bracket" />
  </action>
  <action id="CollapseBlock" />
  <action id="CollapseRegion">
    <keyboard-shortcut first-keystroke="alt close_bracket" />
  </action>
  <action id="Console.TableResult.EditMaximized.ToggleSoftWrap">
    <keyboard-shortcut first-keystroke="alt w" />
  </action>
  <action id="CopyReference">
    <keyboard-shortcut first-keystroke="shift alt c" />
  </action>
  <action id="EditorContextInfo" />
  <action id="EditorToggleShowGutterIcons">
    <keyboard-shortcut first-keystroke="shift ctrl g" />
  </action>
  <action id="EditorToggleUseSoftWraps">
    <keyboard-shortcut first-keystroke="alt w" />
  </action>
  <action id="EvaluateExpression" />
  <action id="ExpandAllRegions">
    <keyboard-shortcut first-keystroke="ctrl alt open_bracket" />
  </action>
  <action id="ExpandRegion">
    <keyboard-shortcut first-keystroke="alt open_bracket" />
  </action>
  <action id="ExportSettings">
    <keyboard-shortcut first-keystroke="shift ctrl alt e" />
  </action>
  <action id="ExportToTextFile" />
  <action id="FileChooser.LightEditGotoOpenedFile">
    <keyboard-shortcut first-keystroke="alt l" />
  </action>
  <action id="FileChooser.TogglePathShowing" />
  <action id="Find">
    <keyboard-shortcut first-keystroke="ctrl f" />
  </action>
  <action id="FindUsagesInFile" />
  <action id="Generate">
    <keyboard-shortcut first-keystroke="alt insert" />
    <keyboard-shortcut first-keystroke="alt o" />
  </action>
  <action id="Git.CompareWithBranch">
    <keyboard-shortcut first-keystroke="alt b" />
  </action>
  <action id="GoToClass" />
  <action id="GotoAction" />
  <action id="GotoSuperMethod">
    <keyboard-shortcut first-keystroke="shift ctrl s" />
  </action>
  <action id="HippieCompletion" />
  <action id="NewElementInMenuGroup">
    <keyboard-shortcut first-keystroke="alt n" />
  </action>
  <action id="NextProjectWindow" />
  <action id="ParameterInfo">
    <keyboard-shortcut first-keystroke="ctrl p" />
  </action>
  <action id="PreviousProjectWindow" />
  <action id="Print" />
  <action id="Replace">
    <keyboard-shortcut first-keystroke="alt f" />
  </action>
  <action id="ReplaceInPath">
    <keyboard-shortcut first-keystroke="alt h" />
  </action>
  <action id="Resume">
    <keyboard-shortcut first-keystroke="f8" />
  </action>
  <action id="RevealIn">
    <keyboard-shortcut first-keystroke="alt e" />
  </action>
  <action id="Run">
    <keyboard-shortcut first-keystroke="shift alt x" />
    <keyboard-shortcut first-keystroke="shift f10" />
    <keyboard-shortcut first-keystroke="alt r" />
  </action>
  <action id="SearchEverywhere">
    <keyboard-shortcut first-keystroke="ctrl u" />
  </action>
  <action id="ShowPopupMenu">
    <keyboard-shortcut first-keystroke="alt c" />
  </action>
  <action id="ShowSettings">
    <keyboard-shortcut first-keystroke="ctrl alt s" />
    <keyboard-shortcut first-keystroke="ctrl comma" />
  </action>
  <action id="SplitHorizontally">
    <keyboard-shortcut first-keystroke="shift ctrl equals" />
  </action>
  <action id="SplitVertically">
    <keyboard-shortcut first-keystroke="shift ctrl minus" />
  </action>
  <action id="Synchronize">
    <keyboard-shortcut first-keystroke="shift ctrl f5" />
  </action>
  <action id="SynchronizeCurrentFile">
    <keyboard-shortcut first-keystroke="alt f5" />
  </action>
  <action id="Terminal.OpenInTerminal">
    <keyboard-shortcut first-keystroke="alt t" />
  </action>
  <action id="Unwrap" />
</keymap>